Title,Level
Energy transformation,0
Airborne wind turbine,0
Allam power cycle,0
Alternator,0
Anomalous photovoltaic effect,0
Aquanator,0
Battery balancing,0
Battery charger,0
Battery management system,0
Bifacial solar cells,0
Bimetallic strip,0
Boiling water reactor safety systems,0
Booster (electric power),0
Carnot method,0
Ceramic heat cell,0
Cogeneration,0
Combined cycle power plant,0
Conductive wireless charging,0
Crookes radiometer,0
Cyclone furnace,0
Direct energy conversion,0
Direct exchange geothermal heat pump,0
Draft (boiler),0
Drakoo wave energy converter,0
Economizer,0
Supercapacitor,0
Electric motor,0
Electrochemical energy conversion,0
Electrohydrodynamics,0
Energy conversion efficiency,0
Energy factor,0
Energy recycling,0
Energy technology,0
Energy tower (downdraft),0
Fluidized bed combustion,0
Fuel cell,0
Gasification,0
Gentherm Incorporated,0
Geothermal heating,0
Grate firing,0
Ground source heat pump,0
Heat engine,0
Heat pump,0
Heat pump (disambiguation),0
Heat rate (efficiency),0
Helianthos,0
Homogeneous charge compression ignition,0
Hybrid solar lighting,0
Hydropower,0
Indicator diagram,0
Induction regulator,0
Integrated gasification combined cycle,0
Integrated gasification fuel cell cycle,0
Integrated water and power plant,0
Intermediate band photovoltaics,0
International Center on Small Hydro Power,0
Isolation condensor,0
Jet engine,0
Jet propulsion,0
Johnson thermoelectric energy converter,0
Lolland Hydrogen Community,0
Luminescent solar concentrator,0
Magnetohydrodynamic converter,0
Magnetohydrodynamic generator,0
Mechanical efficiency,0
Mist lift,0
Multi-junction solar cell,0
Nameplate capacity,0
Nuclear fusion,0
Nuclear power,0
List of companies in the nuclear sector,0
Nuclear microreactor,0
Nuclear reactor,0
Ocean Power Technologies,0
Ocean Power Technologies Australasia,0
Ocean thermal energy conversion,0
Oil burner (engine),0
Osmotic power,0
Passive nuclear safety,0
Photoelectric effect,0
Photoelectrochemical cell,0
Photomagnetic effect,0
Photon-intermediate direct energy conversion,0
Photovoltaic effect,0
Photovoltaics,0
Piezoelectric speaker,0
Piezoelectricity,0
Power loss factor,0
Pressure-retarded osmosis,0
Pressure–volume diagram,0
Pulverized coal-fired boiler,0
Pyroelectricity,0
Recycling,0
Recycling rates by country,0
Respiratory quotient,0
Reversed electrodialysis,0
Shockley–Queisser limit,0
Single-stage P2G,0
Soil salinity,0
Soiling (solar energy),0
Solar cell,0
Solar cell fabric,0
Solar cell research,0
Solar energy,0
Solar power,0
Solar power tower,0
Solar Shade Control Act,0
Solar thermal energy,0
The Big Dish (solar thermal),0
Solar updraft tower,0
Solar-assisted heat pump,0
Space-based solar power,0
Static synchronous compensator,0
Steam engine,0
Steam-electric power station,0
Suntory Mermaid II,0
Surface condenser,0
Synchronous condenser,0
Thermal efficiency,0
Thermal power station,0
Thermionic emission,0
Thermo-dielectric effect,0
Thermoacoustics,0
Thermoelectric effect,0
Thermoelectric materials,0
Timeline of heat engine technology,0
Transcritical cycle,0
Trompe,0
Two-photon photovoltaic effect,0
Two-stage P2G,0
United States hydrogen policy,0
Vaneless ion wind generator,0
Vortex engine,0
Wall-plug efficiency,0
Waste heat,0
Wave farm,0
Wave power,0
Wind turbine,0
Yaw drive,0
